{"options":{"check_for_updates":true,"comment":null,"compatopts_for_requires":true,"compat_wrappedjsobject":false,"compat_metadata":false,"compat_foreach":false,"compat_powerful_this":null,"sandbox":null,"noframes":null,"unwrap":null,"run_at":null,"tab_types":null,"override":{"use_includes":[],"orig_includes":[],"merge_includes":true,"use_matches":[],"orig_matches":["*://*/*"],"merge_matches":true,"use_excludes":[],"orig_excludes":["http://www.toodledo.com/tasks/*","http*://maps.google.com*/*","*://www.google.*/_/chrome/newtab*","*://mega.*/*","*://*.mega.*/*","*://onedrive.live.com/*"],"merge_excludes":true,"use_connects":[],"orig_connects":["www.google.com","www.google.com.hk","www.google.co.jp","ipv4.google.com","image.baidu.com","www.tineye.com","*"],"merge_connects":true,"use_blockers":[],"orig_run_at":"document-idle","orig_noframes":null}},"settings":{"enabled":true,"position":14},"meta":{"name":"Picviewer CE+","uuid":"e2f10c84-42e1-41db-ad90-08df5ff8979b","modified":1683866458883,"file_url":"https://greasyfork.org/scripts/24204-picviewer-ce/code/Picviewer%20CE+.user.js"}}