{"ts":1683794932525,"data":{"unreadFeeds":"o{\"value\": [{\"id\": \"8406123992\",\"forum\": {\"id\": \"27400819\",\"name\": \"新孙笑川\",\"href\": \"https://tieba.baidu.com/f?kw=%E6%96%B0%E5%AD%99%E7%AC%91%E5%B7%9D\"},\"author\": {\"portrait\": \"tb.1.9a31b047.ZKqDwHDpM9hUalqw3aLpZg\",\"name\": \"怪盗腚针\",\"href\": \"https://tieba.baidu.com/home/main?id=tb.1.9a31b047.ZKqDwHDpM9hUalqw3aLpZg&fr=index\"},\"time\": \"5分钟之前\",\"title\": \"凭什么没经过我的允许用我的纸\",\"content\": \" \",\"replies\": \"583\",\"images\": []},{\"id\": \"8406406960\",\"forum\": {\"id\": \"21841105\",\"name\": \"孙笑川\",\"href\": \"https://tieba.baidu.com/f?kw=%E5%AD%99%E7%AC%91%E5%B7%9D\"},\"author\": {\"portrait\": \"tb.1.b61fff17.eo55Ivg88CysrKyYidbQ5A\",\"name\": \"GG Bond..\",\"href\": \"https://tieba.baidu.com/home/main?id=tb.1.b61fff17.eo55Ivg88CysrKyYidbQ5A&fr=index\"},\"time\": \"1分钟之前\",\"title\": \"人族大帝在哪\",\"content\": \"\",\"replies\": \"45\",\"images\": [{\"thumb\": \"https://tiebapic.baidu.com/forum/crop%3D0%2C82%2C1170%2C819%3Bwh%3D150%2C105%3B/sign=7f6685c45a30e924dbebc6717138423e/4a1402c3d56285359db34aedd5ef76c6a6ef6375.jpg?tbpicau=2023-05-13-05_2af432efed61cb8b8fcbfb3a79a22a64\",\"original\": \"https://tiebapic.baidu.com/forum/w%3D580/sign=0a60a10f92ca7bcb7d7bc7278e086b3f/4a1402c3d56285359db34aedd5ef76c6a6ef6375.jpg?tbpicau=2023-05-13-05_bea1f63681aec65d00c7a35bb7da92cf\"},{\"thumb\": \"https://tiebapic.baidu.com/forum/crop%3D0%2C82%2C1170%2C819%3Bwh%3D150%2C105%3B/sign=511133d3420828387c42865485a98539/fe6af4399b504fc2a30c28c9a0dde71191ef6d75.jpg?tbpicau=2023-05-13-05_304c7d78f5779fbe9193bb93be6bbcb2\",\"original\": \"https://tiebapic.baidu.com/forum/w%3D580/sign=e63c35de370e0cf3a0f74ef33a47f23d/fe6af4399b504fc2a30c28c9a0dde71191ef6d75.jpg?tbpicau=2023-05-13-05_9d65129bb32262ce4dc1fe1d563cec0d\"}]},{\"id\": \"8406370873\",\"forum\": {\"id\": \"21841105\",\"name\": \"孙笑川\",\"href\": \"https://tieba.baidu.com/f?kw=%E5%AD%99%E7%AC%91%E5%B7%9D\"},\"author\": {\"portrait\": \"tb.1.c404ad38._j5TgngIh_1UwQhpta5FRA\",\"name\": \"室透君在哪里\",\"href\": \"https://tieba.baidu.com/home/main?id=tb.1.c404ad38._j5TgngIh_1UwQhpta5FRA&fr=index\"},\"time\": \"刚刚发布\",\"title\": \"这是拉拉队吗\",\"content\": \" \",\"replies\": \"78\",\"images\": [{\"thumb\": \"https://tiebapic.baidu.com/forum/crop%3D0%2C20%2C292%2C204%3Bwh%3D150%2C105%3B/sign=721336ac0ac2d562e6478aadda21bcdd/d1c8a786c9177f3eac2264c135cf3bc79e3d56ec.jpg?tbpicau=2023-05-13-05_73b9d685616539f3de239fa62c4d3d4b\",\"original\": \"https://tiebapic.baidu.com/forum/w%3D580/sign=7fa421a8d1eef01f4d1418cdd0ff99e0/d1c8a786c9177f3eac2264c135cf3bc79e3d56ec.jpg?tbpicau=2023-05-13-05_94a966e1b6212bc64897bd503f163406\"},{\"thumb\": \"https://tiebapic.baidu.com/forum/crop%3D0%2C21%2C299%2C209%3Bwh%3D150%2C105%3B/sign=427f3912b51f3a294e878f8ea4159003/7f3e6709c93d70cff5ec32c1bddcd100bba12bec.jpg?tbpicau=2023-05-13-05_9ffa680f8ded4d0d66eb40b820180440\",\"original\": \"https://tiebapic.baidu.com/forum/w%3D580/sign=3e3497d568f5e0feee1889096c6134e5/7f3e6709c93d70cff5ec32c1bddcd100bba12bec.jpg?tbpicau=2023-05-13-05_1512849e5118cf727a692b69d5650dec\"},{\"thumb\": \"https://tiebapic.baidu.com/forum/crop%3D0%2C21%2C303%2C212%3Bwh%3D150%2C105%3B/sign=83e9789ec035e5dd8463ff9f4bf68bdd/a786c9177f3e67090516dd337ec79f3df9dc55ec.jpg?tbpicau=2023-05-13-05_3a17208ecfacf85f71fec2788eaf8d6c\",\"original\": \"https://tiebapic.baidu.com/forum/w%3D580/sign=407f3912b51f3a295ac8d5c6a924bce3/a786c9177f3e67090516dd337ec79f3df9dc55ec.jpg?tbpicau=2023-05-13-05_00b79668d3739dc2668468e93b1f9dcf\"}]},{\"id\": \"8406443082\",\"forum\": {\"id\": \"21841105\",\"name\": \"孙笑川\",\"href\": \"https://tieba.baidu.com/f?kw=%E5%AD%99%E7%AC%91%E5%B7%9D\"},\"author\": {\"portrait\": \"tb.1.9d08883.hOqPehBNqrRsII5Z0AWZEA\",\"name\": \"(˵¯͒〰¯͒˵)、\",\"href\": \"https://tieba.baidu.com/home/main?id=tb.1.9d08883.hOqPehBNqrRsII5Z0AWZEA&fr=index\"},\"time\": \"11分钟之前\",\"title\": \"孙吧的女生如何看待这种以娼为荣的人\",\"content\": \"是我见识少了，这人这么自豪还瞧不起打工人。正常人应该都不会喜欢吧，嫖的和娼的本质上没有什么差别都是人渣吧，一个懒两腿一张等来钱一个淫脑子被牛至支配 \",\"replies\": \"45\",\"images\": [{\"thumb\": \"https://tiebapic.baidu.com/forum/crop%3D0%2C50%2C720%2C504%3Bwh%3D150%2C105%3B/sign=408685c8719b033b38c7a69a28fe1ae6/98104422dd54564e06f47cf5f6de9c82d0584f2b.jpg?tbpicau=2023-05-13-05_3a2afe557a9a2db97be2eb4bb66cb38e\",\"original\": \"https://tiebapic.baidu.com/forum/w%3D580/sign=22ac970f7f87e9504217f364203a531b/98104422dd54564e06f47cf5f6de9c82d0584f2b.jpg?tbpicau=2023-05-13-05_987a441b9028dca89c3d410d6ff9545e\"},{\"thumb\": \"https://tiebapic.baidu.com/forum/crop%3D0%2C50%2C720%2C504%3Bwh%3D150%2C105%3B/sign=4686cda5602dd42a4b465beb3e0b7780/8f9bc0b0cb134954988f70a8134e9258d0094a2b.jpg?tbpicau=2023-05-13-05_01d485d457ab5b4ca8f8359411d03976\",\"original\": \"https://tiebapic.baidu.com/forum/w%3D580/sign=84629b2f9039b6004dce0fbfd9523526/8f9bc0b0cb134954988f70a8134e9258d0094a2b.jpg?tbpicau=2023-05-13-05_9e857c67e4f4797d8e8b35f5b5b466e9\"}]},{\"id\": \"8406113758\",\"forum\": {\"id\": \"21841105\",\"name\": \"孙笑川\",\"href\": \"https://tieba.baidu.com/f?kw=%E5%AD%99%E7%AC%91%E5%B7%9D\"},\"author\": {\"portrait\": \"tb.1.a71c44f.tQGtKIdaNwz8hELBkUXQ5A\",\"name\": \"孙吧有孙，玉碎冲锋\",\"href\": \"https://tieba.baidu.com/home/main?id=tb.1.a71c44f.tQGtKIdaNwz8hELBkUXQ5A&fr=index\"},\"time\": \"刚刚发布\",\"title\": \"安全裤应该给男生穿\",\"content\": \"。。。 \",\"replies\": \"70\",\"images\": []},{\"id\": \"8406024012\",\"forum\": {\"id\": \"15763035\",\"name\": \"newbing\",\"href\": \"https://tieba.baidu.com/f?kw=newbing\"},\"author\": {\"portrait\": \"tb.1.11b8fc2a.Wbd6Qq_l9OY1gko0YzaqZw\",\"name\": \"贴吧用户_GQZ1WNU\",\"href\": \"https://tieba.baidu.com/home/main?id=tb.1.11b8fc2a.Wbd6Qq_l9OY1gko0YzaqZw&fr=index\"},\"time\": \"34分钟之前\",\"title\": \"现在bing更新了历史记录，可以查看历史对话或者多端续聊了\",\"content\": \"但是感觉变笨了 \",\"replies\": \"4\",\"images\": [{\"thumb\": \"https://tiebapic.baidu.com/forum/crop%3D0%2C76%2C1080%2C756%3Bwh%3D150%2C105%3B/sign=dc2dd5c22209c93d13bd54b7a20dd4eb/cffc1e178a82b9015faa5cff368da9773812eff3.jpg?tbpicau=2023-05-13-05_a24b56b4f777db6510c0a3c8115c5f7d\",\"original\": \"https://tiebapic.baidu.com/forum/w%3D580/sign=94f19327f3fd5266a72b3c1c9b199799/cffc1e178a82b9015faa5cff368da9773812eff3.jpg?tbpicau=2023-05-13-05_d0f34d9cdbcca0ba83249161b2b95bbf\"}]},{\"id\": \"8404817101\",\"forum\": {\"id\": \"18144\",\"name\": \"法律咨询\",\"href\": \"https://tieba.baidu.com/f?kw=%E6%B3%95%E5%BE%8B%E5%92%A8%E8%AF%A2\"},\"author\": {\"portrait\": \"tb.1.ece07578.iuK_kwgVrIavLXSwftf0sg\",\"name\": \"小任%\",\"href\": \"https://tieba.baidu.com/home/main?id=tb.1.ece07578.iuK_kwgVrIavLXSwftf0sg&fr=index\"},\"time\": \"47分钟之前\",\"title\": \"有没有懂法律的好兄弟！\\n我朋友前几天在十字路口和一辆电动车撞了\",\"content\": \"有没有懂法律的好兄弟！ 我朋友前几天在十字路口和一辆电动车撞了，电动车是无证驾驶，交警罚了电动车那边500，罚了我朋友100，他脸上缝了十几针，现在住院啥的都是我朋友花的钱累积6000左右，现在快要出院了，对方...\",\"replies\": \"11\",\"images\": []},{\"id\": \"8400869781\",\"forum\": {\"id\": \"833331\",\"name\": \"老jay迷\",\"href\": \"https://tieba.baidu.com/f?kw=%E8%80%81jay%E8%BF%B7\"},\"author\": {\"portrait\": \"tb.1.a5c01a23.lSPCTZsG-EjrRQhySFrR1g\",\"name\": \"会飞的番茄😲\",\"href\": \"https://tieba.baidu.com/home/main?id=tb.1.a5c01a23.lSPCTZsG-EjrRQhySFrR1g&fr=index\"},\"time\": \"7分钟之前\",\"title\": \"新加坡总统接见林俊杰\",\"content\": \"排面如何\",\"replies\": \"357\",\"images\": [{\"thumb\": \"https://tiebapic.baidu.com/forum/crop%3D0%2C79%2C1125%2C788%3Bwh%3D150%2C105%3B/sign=418bd29298c451dae2b956ab8bcd7e51/1f30e924b899a901165611fa58950a7b0308f59f.jpg?tbpicau=2023-05-13-05_b82f2b3e1b3a5c5d815a07a067b47b35\",\"original\": \"https://tiebapic.baidu.com/forum/w%3D580/sign=a1b3d498464f78f0800b9afb49300a83/1f30e924b899a901165611fa58950a7b0308f59f.jpg?tbpicau=2023-05-13-05_6e035d47616e528f6ce06cce14d47923\"},{\"thumb\": \"https://tiebapic.baidu.com/forum/crop%3D0%2C76%2C1080%2C756%3Bwh%3D150%2C105%3B/sign=252e46eef61bb0519b6be9680b4af683/1a4c510fd9f9d72aec005ad1912a2834359bbb92.jpg?tbpicau=2023-05-13-05_c6fdb595fd1305b019c65ec2fd089bd7\",\"original\": \"https://tiebapic.baidu.com/forum/w%3D580/sign=ee808d2f122c11dfded1bf2b53266255/1a4c510fd9f9d72aec005ad1912a2834359bbb92.jpg?tbpicau=2023-05-13-05_7fe7e075dd5a844ee8bf8b8c29be0c30\"},{\"thumb\": \"https://tiebapic.baidu.com/forum/crop%3D134%2C0%2C671%2C470%3Bwh%3D150%2C105%3B/sign=dec8b9a0553853439880dd61ae22834a/800a19d8bc3eb135d818fd77e31ea8d3fc1f441b.jpg?tbpicau=2023-05-13-05_f07154e3968a5163bd2c8bafd6005a1c\",\"original\": \"https://tiebapic.baidu.com/forum/w%3D580/sign=70b2303e9062853592e0d229a0ed76f2/800a19d8bc3eb135d818fd77e31ea8d3fc1f441b.jpg?tbpicau=2023-05-13-05_c3073959f8e29880bffe825a7b7a0f5b\"}]},{\"id\": \"8405048686\",\"forum\": {\"id\": \"10657\",\"name\": \"南昌工学院\",\"href\": \"https://tieba.baidu.com/f?kw=%E5%8D%97%E6%98%8C%E5%B7%A5%E5%AD%A6%E9%99%A2\"},\"author\": {\"portrait\": \"tb.1.6036d9fd.8auyiX_ZYoVsbaa0Bp7Z5g\",\"name\": \"鹅哮天\",\"href\": \"https://tieba.baidu.com/home/main?id=tb.1.6036d9fd.8auyiX_ZYoVsbaa0Bp7Z5g&fr=index\"},\"time\": \"34分钟之前\",\"title\": \"巴厘岛这家洲际酒店真的很可怕，能量也不是一般的大。\",\"content\": \"1.老板是英国的，全球连锁。 2.发生凶案的当时仍若无其事经营。 3.且不说酒店员工是否作案，单就安保来说就明显有问题，且二楼低矮阳台爬入房间不要太容易。 4.房客报告有人呼救，酒店工作人员花了近五十分钟才赶到...\",\"replies\": \"147\",\"images\": []},{\"id\": \"8406913228\",\"forum\": {\"id\": \"21841105\",\"name\": \"孙笑川\",\"href\": \"https://tieba.baidu.com/f?kw=%E5%AD%99%E7%AC%91%E5%B7%9D\"},\"author\": {\"portrait\": \"tb.1.18c0d555.TA1yy6XwWHsCZ5xIlkKoqQ\",\"name\": \"贴吧用户_71NaAEG\",\"href\": \"https://tieba.baidu.com/home/main?id=tb.1.18c0d555.TA1yy6XwWHsCZ5xIlkKoqQ&fr=index\"},\"time\": \"刚刚发布\",\"title\": \"逆天！！！\",\"content\": \"本想去小红薯装黑人钓xxn 没想到中年大叔也喜欢黑人\",\"replies\": \"126\",\"images\": [{\"thumb\": \"https://tiebapic.baidu.com/forum/crop%3D0%2C82%2C1170%2C819%3Bwh%3D150%2C105%3B/sign=169a1eadb6deb48fef26fb9ecd2f1611/d0160924ab18972b3f678406a3cd7b899f510a99.jpg?tbpicau=2023-05-13-05_099be72136f99c1aa2aad1484056cb3b\",\"original\": \"https://tiebapic.baidu.com/forum/w%3D580/sign=db2e94e3d0cad1c8d0bbfc2f4f3f67c4/d0160924ab18972b3f678406a3cd7b899f510a99.jpg?tbpicau=2023-05-13-05_f97f844a8b4d2aaf35f2aad86295b791\"},{\"thumb\": \"https://tiebapic.baidu.com/forum/crop%3D0%2C82%2C1170%2C819%3Bwh%3D150%2C105%3B/sign=43314222f18f8c54f79c9f6f071901cd/0924ab18972bd407d99a57313e899e510eb30999.jpg?tbpicau=2023-05-13-05_b327f52f4fe85686dc320e2dda5b73aa\",\"original\": \"https://tiebapic.baidu.com/forum/w%3D580/sign=c97f243694c8a786be2a4a065708c9c7/0924ab18972bd407d99a57313e899e510eb30999.jpg?tbpicau=2023-05-13-05_245112987ee8b2357b6aeceefb4749a7\"},{\"thumb\": \"https://tiebapic.baidu.com/forum/crop%3D0%2C82%2C1170%2C819%3Bwh%3D150%2C105%3B/sign=43314222f18f8c54f79c9f6f071901cd/0924ab18972bd407d99a57313e899e510eb30999.jpg?tbpicau=2023-05-13-05_b327f52f4fe85686dc320e2dda5b73aa\",\"original\": \"https://tiebapic.baidu.com/forum/w%3D580/sign=c97f243694c8a786be2a4a065708c9c7/0924ab18972bd407d99a57313e899e510eb30999.jpg?tbpicau=2023-05-13-05_245112987ee8b2357b6aeceefb4749a7\"}]}],\"invalidTime\": 1683802132000}"}}