{"ts":1683429091848,"data":{"menu_defaultCollapsedAnswer":"btrue","menu_collapsedAnswer":"btrue","menu_collapsedNowAnswer":"btrue","menu_backToTop":"btrue","menu_blockUsers":"btrue","menu_customBlockUsers":"o[\"故事档案局\",\"盐选推荐\",\"盐选科普\",\"盐选成长计划\",\"知乎盐选会员\",\"知乎盐选创作者\",\"盐选心理\",\"盐选健康必修课\",\"盐选奇妙物语\",\"盐选生活馆\",\"盐选职场\",\"盐选文学甄选\",\"盐选作者小管家\",\"盐选博物馆\",\"盐选点金\",\"盐选测评室\",\"盐选科技前沿\",\"盐选会员精品\"]","menu_blockKeywords":"btrue","menu_customBlockKeywords":"o[]","menu_blockType":"s","menu_blockTypeVideo":"btrue","menu_blockTypeArticle":"bfalse","menu_blockTypeTopic":"bfalse","menu_blockTypeSearch":"bfalse","menu_blockYanXuan":"bfalse","menu_blockTypeLiveHot":"btrue","menu_cleanSearch":"bfalse","menu_cleanTitles":"bfalse","menu_questionRichTextMore":"bfalse","menu_publishTop":"btrue","menu_typeTips":"btrue","menu_toQuestion":"btrue"}}